cidade,codigo,populacao
Angra dos Reis,3300100,169.511
Aperibé,3300159,10.213
Araruama,3300209,112.008
Areal,3300225,11.423
Armação dos Búzios,3300233,27.560
Arraial do Cabo,3300258,27.715
Barra do Piraí,3300308,94.778
Barra Mansa,3300407,177.813
Belford Roxo,3300456,469.332
Bom Jardim,3300506,25.333
Bom Jesus do Itabapoana,3300605,35.411
Cabo Frio,3300704,186.227
Cachoeiras de Macacu,3300803,54.273
Cambuci,3300902,14.827
Carapebus,3300936,13.359
Comendador Levy Gasparian,3300951,8.180
Campos dos Goytacazes,3301009,463.731
Cantagalo,3301108,19.830
Cardoso Moreira,3301157,12.600
Carmo,3301207,17.434
Casimiro de Abreu,3301306,35.347
Conceição de Macabu,3301405,21.211
Cordeiro,3301504,20.430
Duas Barras,3301603,10.930
Duque de Caxias,3301702,855.048
Engenheiro Paulo de Frontin,3301801,13.237
Guapimirim,3301850,51.483
Iguaba Grande,3301876,22.851
Itaboraí,3301900,218.008
Itaguaí,3302007,109.091
Italva,3302056,14.063
Itaocara,3302106,22.899
Itaperuna,3302205,95.841
Itatiaia,3302254,28.783
Japeri,3302270,95.492
Laje do Muriaé,3302304,7.487
Macaé,3302403,206.728
Macuco,3302452,5.269
Magé,3302502,227.322
Mangaratiba,3302601,36.456
Maricá,3302700,127.461
Mendes,3302809,17.935
Mesquita,3302858,168.376
Miguel Pereira,3302908,24.642
Miracema,3303005,26.843
Natividade,3303104,15.082
Nilópolis,3303203,157.425
Niterói,3303302,487.562
Nova Friburgo,3303401,182.082
Nova Iguaçu,3303500,796.257
Paracambi,3303609,47.124
Paraíba do Sul,3303708,41.084
Paraty,3303807,37.533
Paty do Alferes,3303856,26.359
Petrópolis,3303906,295.917
Pinheiral,3303955,22.719
Piraí,3304003,26.314
Porciúncula,3304102,17.760
Porto Real,3304110,16.592
Quatis,3304128,12.793
Queimados,3304144,137.962
Quissamã,3304151,20.242
Resende,3304201,119.769
Rio Bonito,3304300,55.551
Rio Claro,3304409,17.425
Rio das Flores,3304508,8.561
Rio das Ostras,3304524,105.676
Rio de Janeiro,3304557,6.320446
Santa Maria Madalena,3304607,10.321
Santo Antônio de Pádua,3304706,40.589
São Francisco de Itabapoana,3304755,41.354
São Fidélis,3304805,37.543
São Gonçalo,3304904,999.728
São João da Barra,3305000,32.747
São João de Meriti,3305109,458.673
São José de Ubá,3305133,7.003
São José do Vale do Rio Preto,3305158,20.251
São Pedro da Aldeia,3305208,87.875
São Sebastião do Alto,3305307,8.895
Sapucaia,3305406,17.525
Saquarema,3305505,74.234
Seropédica,3305554,78.186
Silva Jardim,3305604,21.349
Sumidouro,3305703,14.900
Tanguá,3305752,30.732
Teresópolis,3305802,163.746
Trajano de Moraes,3305901,10.289
Três Rios,3306008,77.432
Valença,3306107,71.843
Varre-Sai,3306156,9.475
Vassouras,3306206,34.410
Volta Redonda,3306305,257.803

